{"voxel_size": 0.0026781375, "block_size": 30, "grid_width": 1001, "grid_height": 527, "grid_depth": 966, "atlas_width": 2048, "atlas_height": 2048, "atlas_depth": 32, "num_slices": 8, "min_x": -1.28594375, "min_y": -0.24649999999999994, "min_z": -1.3838, "atlas_blocks_x": 64, "atlas_blocks_y": 64, "atlas_blocks_z": 1, "input_height": 800.0, "input_width": 800.0, "input_focal": 1111.1110311937682, "worldspace_T_opengl": [[-1.0, 0.0, 0.0, 0.0], [0.0, 0.0, 1.0, 0.0], [0.0, 1.0, 0.0, 0.0], [0.0, 0.0, 0.0, 1.0]], "ndc": false, "0_weights": [[0.43800389766693115, 0.23750101029872894, -0.4390867054462433, 0.14414817094802856, -0.21678362786769867, -0.10172943025827408, -0.2801503837108612, 0.07946902513504028, 0.16592669486999512, 0.16770216822624207, -0.021846668794751167, -0.12847813963890076, 0.027930203825235367, -0.246748685836792, 0.3158496618270874, -0.05845540016889572], [-0.21768172085285187, 0.2791081666946411, -0.007245366927236319, 0.1561024934053421, -0.25880277156829834, -0.31330278515815735, 0.06136082485318184, 0.10637792944908142, 0.7277156114578247, -0.16721931099891663, -0.10820484906435013, -0.003922417759895325, 0.22063851356506348, 0.0673142671585083, 0.04625612124800682, 0.4435770809650421], [0.35116448998451233, 0.06690802425146103, 0.05006954073905945, 0.40005573630332947, -0.1443866640329361, 0.23504327237606049, 0.284153014421463, -0.043139729648828506, -0.18984101712703705, 0.31568530201911926, 0.0468929149210453, 0.16155779361724854, -0.17140880227088928, -0.2983461320400238, 0.13736188411712646, -0.28956493735313416], [0.38320302963256836, -0.031088808551430702, -0.1722450703382492, 0.21398156881332397, -0.27078157663345337, 0.19640184938907623, 0.21231529116630554, 0.22956714034080505, 0.47211194038391113, 0.1569855660200119, -0.34660881757736206, -0.19880914688110352, -0.18071499466896057, -0.17869047820568085, -0.11454244703054428, 0.10945083945989609], [-0.15264417231082916, -0.2311805933713913, 0.27804285287857056, 0.4529893100261688, 0.13675051927566528, -0.3089921176433563, 0.38582882285118103, 0.1628871113061905, 0.3415601849555969, 0.22319439053535461, 0.08420778065919876, -0.07058185338973999, -0.08761673420667648, -0.24761825799942017, 0.19621801376342773, -0.10995298624038696], [0.10812317579984665, 0.08876850455999374, 0.08462966233491898, -0.26618868112564087, -0.2963401973247528, 3.8812471757410094e-05, -0.3245435953140259, -0.10819265991449356, 0.26427993178367615, -0.28081032633781433, -0.21717824041843414, 0.038191985338926315, 0.33570772409439087, 0.033227551728487015, -0.1650467962026596, -0.23676982522010803], [-0.10185324400663376, 0.15752676129341125, 0.22234216332435608, 0.3240164816379547, 0.08951650559902191, 0.15980838239192963, -0.2689000070095062, 0.12910008430480957, 0.13102594017982483, -0.1549988090991974, 0.07284090667963028, -0.15029902756214142, 0.0365334153175354, -0.09292140603065491, 0.034802015870809555, 0.2940318286418915], [0.016430042684078217, 0.13143090903759003, 0.3017251789569855, -0.06704764813184738, -0.061137739568948746, 0.26518750190734863, -0.08727431297302246, -0.05500509589910507, 0.23121967911720276, -0.12667985260486603, -0.010559814982116222, 0.33091938495635986, 0.18541674315929413, 0.18506552278995514, -0.27644312381744385, 0.1349051296710968], [-0.2876521348953247, 0.2100280076265335, 0.17581455409526825, 0.2819468379020691, -0.06548923254013062, 0.05743328854441643, -0.10391811281442642, 0.08637223392724991, -0.18304581940174103, 0.04748847708106041, -0.16428792476654053, 0.12606661021709442, 0.09447821229696274, 0.21332183480262756, -0.05417369678616524, -0.07047002762556076], [-0.025735005736351013, -0.1674174964427948, 0.19104492664337158, -0.24551363289356232, 0.03469463065266609, 0.10452829301357269, -0.08887021243572235, 0.03196320682764053, -0.02947482280433178, 0.05435781553387642, 0.06914056092500687, 0.020068734884262085, -0.020379947498440742, -0.09778814017772675, 0.11199328303337097, -0.24363505840301514], [-0.13395673036575317, 0.015782726928591728, -0.1449778825044632, 0.0429285429418087, 0.25069916248321533, -0.08643832802772522, -0.02700159139931202, -0.08848413079977036, -0.12563058733940125, 0.07749802619218826, -0.25310638546943665, -0.07789793610572815, -0.1437251716852188, -0.05447068437933922, 0.07449975609779358, -0.12284951657056808], [-0.06088635325431824, 0.009509742259979248, -0.06942658871412277, -0.2713174819946289, -0.34845590591430664, -0.21618439257144928, 0.03205832839012146, 0.26682665944099426, -0.12053123861551285, 0.038896575570106506, 0.09908981621265411, 0.07555054873228073, -0.04902132973074913, 0.06578397750854492, 0.19404074549674988, 0.17329217493534088], [0.008866558782756329, 0.06358575820922852, 0.015134592540562153, -0.04998600110411644, 0.04470449313521385, -0.011025955900549889, 0.0050478181801736355, 0.003925515338778496, 0.11034256964921951, -0.038320306688547134, -0.0016010231338441372, 0.02984953112900257, 0.0037496520671993494, 0.018624983727931976, 0.03663261979818344, -0.009166655130684376], [-0.07683396339416504, -0.003957373555749655, -0.02018687315285206, -0.12648597359657288, -0.024115851148962975, 0.022909492254257202, 0.0071716709062457085, -0.16419102251529694, 0.10726237297058105, -0.015606870874762535, -0.008049668744206429, -0.03356102481484413, 0.02476019784808159, 0.0031169417779892683, -0.0381288081407547, 0.030637772753834724], [0.012331385165452957, -0.05945761874318123, -0.06523501873016357, 0.028591467067599297, 0.10173817723989487, -0.09470826387405396, 0.017487430945038795, 0.2653966546058655, -0.16471098363399506, -0.003758807200938463, -0.09123923629522324, -0.055837057530879974, -0.02178196795284748, 0.10963664203882217, 0.004748087842017412, -0.13933022320270538], [0.14606814086437225, 0.0438821017742157, 0.3007441759109497, -0.2981550395488739, -0.12939444184303284, 0.3328610360622406, 0.24769257009029388, -0.19351966679096222, -0.2997790277004242, -0.028470687568187714, 0.271107941865921, -0.06693733483552933, -0.30285486578941345, 0.37527161836624146, -0.40568235516548157, -0.17040731012821198], [-0.3047020137310028, -0.2706368863582611, 0.2997133135795593, -0.26258769631385803, 0.11253011226654053, 0.04719331115484238, 0.2170952707529068, -0.24184982478618622, -0.36730730533599854, -0.23398549854755402, 0.07585172355175018, 0.3348240852355957, -0.3283842206001282, 0.39496108889579773, -0.002096918411552906, -0.034894909709692], [-0.28039366006851196, -0.3370647728443146, -0.24698896706104279, 0.2817455530166626, -0.054340776056051254, 0.24636024236679077, -0.027550945058465004, -0.20155639946460724, -0.4023851454257965, 0.3472166061401367, 0.3611644208431244, 0.04333139955997467, 0.1865585744380951, -0.02837505377829075, -0.040631234645843506, -0.2605511546134949], [-0.09140197932720184, -0.17502576112747192, -0.21356777846813202, 0.1590249091386795, 0.2370634824037552, 0.09511446952819824, -0.11488140374422073, -0.1264277696609497, -0.4071100950241089, 0.39379844069480896, -0.016291236504912376, 0.01899363100528717, -0.18817169964313507, -0.23183496296405792, -0.17118626832962036, 0.2688097357749939], [0.027257440611720085, 0.24361979961395264, 0.22461825609207153, -0.4960317313671112, 0.3728160858154297, 0.032507751137018204, -0.24724800884723663, 0.11614667624235153, -0.050236888229846954, 0.04099245369434357, -0.2446470558643341, -0.03290184214711189, 0.21856087446212769, -0.23519043624401093, -0.4023274779319763, 0.29394295811653137], [-0.20889703929424286, 0.38887685537338257, -0.07589498162269592, 0.1573258638381958, 0.17955416440963745, -0.23588161170482635, -0.07118936628103256, -0.2359086275100708, -0.24509325623512268, 0.2626614272594452, 0.2059943974018097, 0.4242939054965973, -0.0227501317858696, 0.08004274219274521, 0.34895187616348267, 0.21630676090717316], [0.024894410744309425, 0.05403343215584755, 0.0808212086558342, 0.11716446280479431, 0.1409352868795395, -0.12782832980155945, -0.11231554299592972, 0.19634833931922913, -0.258994460105896, -0.07409203052520752, 