{"voxel_size": 0.0024817874999999994, "block_size": 30, "grid_width": 563, "grid_height": 585, "grid_depth": 1000, "atlas_width": 2048, "atlas_height": 2048, "atlas_depth": 32, "num_slices": 8, "min_x": -0.6984875000000001, "min_y": -0.4141625000000002, "min_z": -1.23239375, "atlas_blocks_x": 64, "atlas_blocks_y": 64, "atlas_blocks_z": 1, "input_height": 800.0, "input_width": 800.0, "input_focal": 1111.1110311937682, "worldspace_T_opengl": [[-1.0, 0.0, 0.0, 0.0], [0.0, 0.0, 1.0, 0.0], [0.0, 1.0, 0.0, 0.0], [0.0, 0.0, 0.0, 1.0]], "ndc": false, "0_weights": [[0.1985173374414444, 0.0011965599842369556, -0.5391189455986023, 0.1348111927509308, -0.6292675733566284, 0.09273112565279007, -0.7866037487983704, -0.1525576412677765, 0.5866763591766357, 0.3511510491371155, 0.16279689967632294, -0.22646890580654144, 0.059432294219732285, -0.2083553671836853, 0.22881726920604706, -0.3422364592552185], [-0.19595763087272644, 0.3344937860965729, 0.1138669028878212, 0.11711626499891281, 0.03698040917515755, -0.39095935225486755, -0.1790541410446167, -0.1376693993806839, 0.17320524156093597, -0.28737443685531616, -0.058900732547044754, 0.23585303127765656, 0.15287141501903534, 0.04733068868517876, -0.22889700531959534, 0.3878290057182312], [0.27325060963630676, -0.06838437169790268, -0.11710266023874283, 0.2497876137495041, -0.056448426097631454, 0.25313177704811096, 0.4433942437171936, 0.17342181503772736, -0.09453923255205154, 0.3541674315929413, -0.009324385784566402, 0.11736146360635757, -0.17401252686977386, -0.3236636221408844, 0.19156868755817413, -0.2058524638414383], [0.18766792118549347, -0.2279316484928131, -0.2973085343837738, 0.2058134526014328, -0.6144331097602844, 0.3298569619655609, -0.26171883940696716, 0.025276413187384605, 0.8670210838317871, 0.2739693224430084, -0.19563274085521698, -0.32332369685173035, -0.11645474284887314, -0.11969685554504395, -0.18738053739070892, -0.17990919947624207], [-0.09757452458143234, -0.15290874242782593, 0.3879886865615845, 0.37239763140678406, 0.41620883345603943, -0.3395269215106964, 0.14881053566932678, -0.07990113645792007, -0.18919062614440918, 0.13554054498672485, 0.12424488365650177, 0.1285925954580307, -0.12352970987558365, -0.2434365600347519, -0.04976456239819527, -0.17673145234584808], [0.022951677441596985, -0.04023415967822075, -0.06923704594373703, -0.39810121059417725, -0.2081678807735443, 0.01126163825392723, -0.20144717395305634, 0.11865215003490448, 0.34037303924560547, -0.2425994575023651, -0.2649272680282593, -0.003684380790218711, 0.3351427912712097, 0.019201025366783142, -0.10081985592842102, -0.16229942440986633], [-0.1868339478969574, 0.06278114020824432, 0.0187296811491251, 0.3359014391899109, -0.04998508468270302, 0.12115293741226196, -0.63764888048172, 0.004930404014885426, 0.4243966042995453, -0.2142990678548813, 0.10108340531587601, -0.35865989327430725, 0.1780344843864441, 0.03766249492764473, 0.006664666812866926, -0.005282184574753046], [0.1737462431192398, 0.25812652707099915, 0.3782241642475128, -0.26511579751968384, 0.1644628643989563, 0.3673427999019623, -0.295219749212265, -0.30420807003974915, -0.2202814817428589, -0.127711683511734, 0.0162949301302433, 0.3973633348941803, 0.25469714403152466, 0.2645776867866516, -0.4331045150756836, 0.04551627114415169], [-0.3742912709712982, 0.09612415730953217, 0.069669209420681, 0.20283463597297668, 0.023874172940850258, 0.05111025273799896, -0.09743200987577438, 0.35517269372940063, -0.16814786195755005, 0.0713905543088913, -0.1784578263759613, 0.10780472308397293, 0.09930458664894104, 0.2279333919286728, 0.031204508617520332, -0.02514832653105259], [-0.06817039847373962, -0.5261536836624146, -0.12717688083648682, -0.026247983798384666, 0.4428890645503998, -0.13041777908802032, -0.04825287684798241, 0.1644202470779419, 0.11318737268447876, 0.023591598495841026, -0.5681155920028687, -0.2610245645046234, 0.5534105896949768, 0.40380048751831055, 0.34297770261764526, -0.39643099904060364], [-0.06507473438978195, -0.2681797444820404, -0.42429110407829285, 0.018082866445183754, -0.09975751489400864, -0.015839118510484695, 0.13707394897937775, -0.3869529664516449, 0.03231172636151314, 0.09419403970241547, -0.23330579698085785, -0.09832360595464706, 0.08916863054037094, 0.001307593542151153, -0.03695297986268997, -0.20810705423355103], [0.1235540509223938, -0.026982037350535393, -0.15862631797790527, -0.005223358049988747, -0.2779594659805298, -0.04329024255275726, -0.606084406375885, 0.5176135301589966, -0.4294455349445343, 0.04538968205451965, 0.21860593557357788, 0.4363451302051544, -0.0004854380968026817, -0.006699130404740572, -0.11051235347986221, 0.17345039546489716], [0.058523595333099365, 0.09626394510269165, 0.0680161640048027, 0.04801611229777336, -0.04543536528944969, 0.05772919952869415, -0.011076224036514759, 0.6414010524749756, -0.34374770522117615, 0.04065287485718727, 0.11145401746034622, 0.18660788238048553, 0.41636890172958374, -0.1266510784626007, 0.6978328824043274, 0.0270744189620018], [0.02318030595779419, 0.10759322345256805, 0.09019546210765839, 0.01268691010773182, -0.2887853980064392, -0.013251271098852158, -0.006307209841907024, -0.015530306845903397, -0.5576364398002625, -0.03157711774110794, 0.1587572693824768, -0.033234186470508575, 0.0018818662501871586, 0.17416416108608246, 0.20987235009670258, 0.011008447036147118], [-0.12382328510284424, -0.24302731454372406, -0.10540511459112167, -0.043081436306238174, 0.19896601140499115, 0.015359100885689259, 0.13798673450946808, -0.08454985916614532, 0.03778016194701195, -0.044199973344802856, -0.11090078204870224, 0.08171180635690689, 0.1382323056459427, 0.169002503156662, 0.042337313294410706, -0.2953970432281494], [0.2965610921382904, 0.1029873639345169, 0.4220615029335022, -0.14810878038406372, -0.2725179195404053, 0.4159541428089142, 0.1137874498963356, -0.4233720600605011, -0.18098285794258118, -0.12356586009263992, 0.3411765992641449, -0.11637628823518753, -0.290863573551178, 0.4015018939971924, -0.5117678046226501, -0.3423096537590027], [-0.29309555888175964, -0.18533746898174286, 0.4588574767112732, 0.0850592851638794, -0.04061996191740036, 0.15703609585762024, 0.1444542557001114, -0.48168811202049255, -0.20604553818702698, -0.30894994735717773, 0.3060274124145508, 0.20820702612400055, -0.2355460673570633, 0.38588061928749084, -0.13883309066295624, -0.17926184833049774], [-0.18776507675647736, -0.30631887912750244, -0.12744395434856415, 0.48340070247650146, -0.22419089078903198, 0.38997361063957214, -0.0372953787446022, -0.4921998977661133, -0.14727424085140228, 0.24906820058822632, 0.5152721405029297, -0.13363227248191833, 0.23116035759449005, -0.0181045550853014, -0.19874675571918488, -0.4500555098056793], [0.19633065164089203, -0.08447504788637161, -0.13817384839057922, 0.044035546481609344, 0.15996840596199036, 0.13022635877132416, -0.3843074142932892, -0.29379817843437195, -0.4535250961780548, 0.2935567796230316, -0.14695198833942413, 0.18519863486289978, -0.21798637509346008, -0.1580170840024948, -0.19035233557224274, 0.0852339118719101], [-0.3707277476787567, 0.39910027384757996, 0.4808986485004425, 0.184854656457901, 0.2850049138069153, 0.09656257182359695, -0.323211133480072, -0.09107138961553574, -0.14425453543663025, 0.013455838896334171, 0.24607640504837036, -0.17377325892448425, 0.5529934763908386, -0.2739377021789551, -0.6185513734817505, 0.2480478286743164], [-0.1069861352443695, 0.3858783543109894, 0.05239395052194595, 0.130632683634758, -0.026523122563958168, 0.03016936406493187, 0.14955954253673553, -0.3757510483264923, 0.317071795463562, 0.12664958834648132, 0.37040621042251587, -0.42159345746040344, -0.00899357907474041, 0.23676514625549316, 0.1783934235572815, -0.020325006917119026], [0.03694886341691017, -0.1569618135690689, 0.1579221487045288, 0.011672671884298325, 0.1441194862127304, 0.034903183579444885, 0.11087386310100555, 0.11583039909601212, 0.3117077648639679, 0.05316891521215439, 0.011535651981830597, 0.6044597625732422, 