{"voxel_size": 0.0033827875, "block_size": 30, "grid_width": 974, "grid_height": 756, "grid_depth": 1000, "atlas_width": 2048, "atlas_height": 2048, "atlas_depth": 4, "num_slices": 1, "min_x": -1.7, "min_y": -0.8556312500000001, "min_z": -1.6827875, "atlas_blocks_x": 64, "atlas_blocks_y": 64, "atlas_blocks_z": 1, "input_height": 800.0, "input_width": 800.0, "input_focal": 1111.1110311937682, "worldspace_T_opengl": [[-1.0, 0.0, 0.0, 0.0], [0.0, 0.0, 1.0, 0.0], [0.0, 1.0, 0.0, 0.0], [0.0, 0.0, 0.0, 1.0]], "ndc": false, "0_weights": [[0.31300753355026245, 0.059649404138326645, -0.5101727247238159, 0.16875341534614563, -0.33187246322631836, -0.29159387946128845, -0.558235228061676, 0.06489039212465286, 0.19566141068935394, 0.12659968435764313, 0.27724167704582214, -0.4936745762825012, 0.14488020539283752, -0.06501786410808563, 0.5137628316879272, -0.20683503150939941], [-0.12752994894981384, 0.0011558042606338859, -0.14856036007404327, -0.15183912217617035, 0.3752358853816986, -0.11024338752031326, -0.11736548691987991, 0.08712994307279587, -0.026261551305651665, -0.48436471819877625, -0.14604990184307098, 0.0021025147289037704, 0.10506099462509155, 0.3529573976993561, 0.11472446471452713, 0.2820833623409271], [0.41580522060394287, 0.09177955985069275, -0.020759431645274162, 0.44030165672302246, 0.1116219311952591, 0.15478262305259705, 0.09338533133268356, -0.053957730531692505, -0.11848080158233643, 0.23505838215351105, 0.26194024085998535, 0.09665850549936295, -0.3260505795478821, -0.4190935492515564, -0.013343971222639084, -0.18756814301013947], [0.2536560297012329, -0.1928406059741974, -0.3204611539840698, 0.23290663957595825, -0.4093030095100403, -0.0036998025607317686, -0.04895203933119774, 0.2135430872440338, 0.496579647064209, 0.10707584768533707, -0.11885610222816467, -0.5479263663291931, -0.0998842865228653, -0.0020671533420681953, 0.05934203043580055, -0.0035669729113578796], [-0.06360092759132385, -0.4970381557941437, 0.15973171591758728, 0.1600528508424759, 0.7548312544822693, -0.1286422610282898, 0.22767888009548187, 0.1436959207057953, -0.4050290286540985, -0.06747269630432129, 0.030166925862431526, -0.09925150126218796, -0.17063498497009277, 0.02561337873339653, 0.308030366897583, -0.2606949806213379], [0.18012426793575287, 0.1135842502117157, 0.0341830849647522, -0.21102482080459595, -0.035421743988990784, -0.07826043665409088, -0.5078034996986389, -0.11858957260847092, 0.3208305835723877, -0.3559432327747345, -0.0079871891066432, -0.02702600322663784, 0.21337488293647766, -0.06555487215518951, -0.2853713035583496, -0.1299230009317398], [-0.2449490875005722, 0.040527842938899994, -0.1241152286529541, 0.3091840445995331, -0.10499188303947449, -0.05617833510041237, -0.4671228528022766, 0.11028890311717987, 0.1250060498714447, -0.20562610030174255, 0.09626396745443344, -0.4442654252052307, -0.00954199954867363, 0.08881913125514984, 0.11446049064397812, 0.30645784735679626], [0.1011132076382637, -0.09031260013580322, 0.2542170286178589, -0.30188825726509094, 0.49519750475883484, 0.3781144618988037, -0.17715409398078918, -0.07149984687566757, -0.4653521776199341, -0.3370008170604706, -0.10924293845891953, 0.19502028822898865, 0.20588380098342896, 0.414572536945343, -0.048457205295562744, 0.013066169805824757], [-0.1954178363084793, 0.23730450868606567, 0.18501336872577667, 0.37108829617500305, 0.22225046157836914, -0.014214564114809036, -0.2681178152561188, 0.07848850637674332, -0.16499631106853485, -0.016903268173336983, 0.01938951574265957, 0.06951980292797089, 0.0655287504196167, 0.17184123396873474, -0.08181678503751755, 0.04941470921039581], [-0.2773653566837311, 0.03786550462245941, 0.32393166422843933, 0.013827083632349968, 0.205593541264534, 0.13570182025432587, -0.12909306585788727, 0.015917517244815826, -0.015258868224918842, 0.06382571905851364, -0.01832995004951954, 0.2180536687374115, -0.04223470017313957, -0.032911498099565506, 0.03225851058959961, 0.03807533159852028], [-0.2840787172317505, 0.009944122284650803, -0.21652868390083313, 0.31574177742004395, -0.2649237811565399, -0.06598184257745743, -0.008732382208108902, -0.06044146046042442, 0.40112775564193726, 0.15045049786567688, -0.043177634477615356, -0.08942130208015442, -0.18217137455940247, -0.07374992966651917, 0.03046063333749771, -0.03991992399096489], [0.08224130421876907, 0.014841961674392223, 0.1282377988100052, -0.06209320202469826, 0.0910620391368866, -0.14949096739292145, 0.10820889472961426, 0.28233152627944946, -0.2001722753047943, 0.0707964301109314, 0.26458853483200073, -0.024488234892487526, 0.19502143561840057, 0.05435426905751228, 0.23567232489585876, 0.27437201142311096], [-0.2149665504693985, -0.017681341618299484, 0.05591977387666702, 0.04264884814620018, -0.0651119127869606, -0.01395310740917921, 0.01492929644882679, 0.036702051758766174, 0.009046904742717743, -0.02235007844865322, -0.027853770181536674, -0.015360426157712936, 0.07674450427293777, 0.02885906957089901, -0.0312708280980587, 0.018251480534672737], [-0.12180077284574509, 0.013648897409439087, 0.048941560089588165, -0.05574651435017586, -0.005629017483443022, 0.057232074439525604, -3.196608304278925e-05, -0.17508265376091003, -0.03868693858385086, 0.011007099412381649, -0.028774119913578033, 0.016341937705874443, 2.6810979761648923e-05, -0.026569746434688568, 0.008200399577617645, -0.0422573946416378], [-0.24708621203899384, -0.06111343204975128, -0.1143728718161583, -0.09578526020050049, -0.052372466772794724, -0.009944535791873932, -0.08633019030094147, 0.25658273696899414, 0.1673290878534317, -0.06801487505435944, -0.019042901694774628, -0.05247173085808754, -0.08255922794342041, 0.0838012620806694, -0.029189571738243103, 0.04684215784072876], [0.1321893185377121, 0.05606164038181305, 0.4263201057910919, -0.5553698539733887, -0.19494497776031494, 0.5231688022613525, 0.48766350746154785, -0.21230252087116241, -0.17970512807369232, 0.10467860847711563, 0.1339000016450882, -0.15147316455841064, -0.23723091185092926, 0.3329049348831177, -0.30749183893203735, -0.13184422254562378], [-0.3812864124774933, -0.40722325444221497, 0.40981483459472656, -0.1529124230146408, -0.1179291307926178, 0.3016658127307892, 0.42087322473526, -0.26018226146698, -0.14787735044956207, -0.036689866334199905, 0.13451255857944489, 0.27258530259132385, -0.44275668263435364, 0.3942405581474304, 0.10310511291027069, -0.01392368320375681], [-0.3274884819984436, -0.4049152731895447, -0.14152425527572632, 0.1694343090057373, -0.18919065594673157, 0.5086609721183777, 0.18050777912139893, -0.21725070476531982, -0.19076064229011536, 0.5214006900787354, 0.3891519010066986, -0.06708048284053802, 0.0841633751988411, -0.09824053943157196, 0.020229561254382133, -0.21876519918441772], [-0.0053600468672811985, 0.12173543870449066, -0.1307661235332489, -0.7605566382408142, 0.33078375458717346, 0.11013276129961014, 0.20301806926727295, -0.13347098231315613, -0.6862272024154663, 0.35441431403160095, -0.4423083961009979, -0.06483524292707443, 0.20060694217681885, -0.3585284352302551, -0.09230772405862808, 0.30507469177246094], [-0.14275379478931427, -0.11147962510585785, 0.2959494888782501, 0.08071963489055634, -0.08156328648328781, 0.29106274247169495, -0.11226094514131546, 0.11511076241731644, 0.15270349383354187, 0.3042137324810028, 0.0868435949087143, -0.008521412499248981, -0.24969510734081268, -0.13446669280529022, -0.2936337888240814, 0.27026525139808655], [-0.2586035132408142, 0.3128716051578522, 0.043664321303367615, -0.09919775277376175, 0.08691968768835068, 0.11556533724069595, 0.056037191301584244, -0.251274436712265, 0.02026336081326008, 0.5106452107429504, 0.4159170091152191, 0.2334882766008377, -0.2991780638694763, -0.08062297105789185, 0.43899887800216675, 0.31349581480026245], [0.10728438198566437, -0.07377627491950989, -0.3059581220149994, -0.012939336709678173, -0.34679147601127625, -0.017705852165818214, -0.22135303914546967, 0.21486763656139374, -0.040266986936330795, -0.09252990782260895, 0.08722048997879028, 