{"voxel_size": 0.0021171375, "block_size": 30, "grid_width": 669, "grid_height": 1000, "grid_depth": 696, "atlas_width": 2048, "atlas_height": 2048, "atlas_depth": 32, "num_slices": 8, "min_x": -0.6803187500000001, "min_y": -1.04369375, "min_z": -0.73386875, "atlas_blocks_x": 64, "atlas_blocks_y": 64, "atlas_blocks_z": 1, "input_height": 800.0, "input_width": 800.0, "input_focal": 1111.1110311937682, "worldspace_T_opengl": [[-1.0, 0.0, 0.0, 0.0], [0.0, 0.0, 1.0, 0.0], [0.0, 1.0, 0.0, 0.0], [0.0, 0.0, 0.0, 1.0]], "ndc": false, "0_weights": [[-0.06416359543800354, 0.009992888197302818, -0.5136235356330872, 0.2914885878562927, -0.11799420416355133, -0.10590782761573792, -0.5065972208976746, 0.07909747213125229, 0.21793720126152039, -0.08434557169675827, 0.36475861072540283, -0.1428333818912506, 0.34361571073532104, -0.16219371557235718, 0.43126386404037476, -0.1459217518568039], [-0.3003726601600647, -0.1527782380580902, -0.051870621740818024, -0.009638207033276558, 0.05639013275504112, -0.3116796612739563, -0.09851083159446716, 0.05584903433918953, 0.2880299389362335, -0.39012062549591064, -0.2658642530441284, 0.20611490309238434, 0.12383255362510681, 0.1132316142320633, 0.001999075524508953, 0.32805994153022766], [0.41593459248542786, -0.09187634289264679, -0.01892455480992794, 0.2242661416530609, -0.06695491820573807, 0.30157411098480225, 0.32896244525909424, 0.004967172630131245, 0.026264499872922897, 0.14578114449977875, -0.09923182427883148, 0.033873748034238815, -0.19394561648368835, -0.2519833445549011, 0.024095632135868073, -0.2714719772338867], [-0.07152548432350159, -0.21766406297683716, -0.25516343116760254, 0.3705556392669678, -0.17984922230243683, 0.18545113503932953, 0.005817936733365059, 0.22672078013420105, 0.522016704082489, -0.034516263753175735, 0.03176256641745567, -0.215670645236969, 0.09158709645271301, -0.08650470525026321, 0.0007095406181178987, 0.0068977950140833855], [-0.18317067623138428, -0.6242165565490723, 0.19407226145267487, 0.33281153440475464, 0.43028074502944946, -0.34912624955177307, 0.2014649659395218, 0.11277893930673599, -0.05609972029924393, -0.014240052551031113, -0.05333861708641052, 0.10043292492628098, -0.1616899073123932, -0.22977031767368317, 0.20777037739753723, -0.21610482037067413], [0.15382297337055206, -0.05506125092506409, 0.014166626147925854, -0.4148041605949402, -0.21514169871807098, 0.057167477905750275, -0.26825016736984253, -0.06350679695606232, 0.4418056011199951, -0.43219026923179626, -0.36111822724342346, -0.06660788506269455, 0.32018670439720154, 0.080450139939785, -0.2522585093975067, -0.22360670566558838], [-0.411347895860672, 0.09338844567537308, 0.11899875104427338, 0.49569016695022583, 0.16715623438358307, 0.13728652894496918, -0.39761146903038025, 0.1212763637304306, 0.16277126967906952, -0.16226498782634735, 0.4217061996459961, -0.17678554356098175, 0.17395532131195068, 0.024868305772542953, 0.13783499598503113, 0.1633177101612091], [0.16151316463947296, -0.1330529749393463, 0.10671237111091614, -0.05989765003323555, 0.15092015266418457, 0.09954217076301575, -0.33751752972602844, -0.10108603537082672, -0.03397313132882118, -0.4230944514274597, -0.08972128480672836, 0.38857826590538025, 0.20719784498214722, 0.128190815448761, -0.11302386224269867, 0.05767984688282013], [-0.2968810498714447, 0.10761639475822449, 0.11066549271345139, 0.22083809971809387, 0.02889663353562355, 0.09012728929519653, -0.021436171606183052, 0.11959685385227203, -0.09370991587638855, -0.04161182790994644, -0.29390469193458557, 0.09039350599050522, 0.07432132959365845, 0.25429269671440125, -0.06129426509141922, -0.06118381768465042], [0.2958245277404785, 0.018472732976078987, -0.018077371641993523, -0.2369290143251419, 0.0981958881020546, 0.05673767998814583, 0.052907854318618774, -0.0053450921550393105, -0.17211152613162994, 0.12930910289287567, 0.008506350219249725, 0.03312433883547783, 0.258440226316452, -0.06832639873027802, 0.01728539541363716, -0.11930657923221588], [-0.16338904201984406, -0.0816599577665329, -0.198616161942482, 0.05017229542136192, -0.2644619941711426, -0.061620600521564484, 0.023074155673384666, -0.13510629534721375, -0.002660180442035198, -0.01543570775538683, -0.17633245885372162, -0.08142340183258057, 0.20458674430847168, 0.007571289781481028, 0.05898520350456238, 0.04939170554280281], [-0.16329842805862427, -0.04187634959816933, -0.14697766304016113, 0.19834092259407043, -0.30494779348373413, -0.3476238250732422, 0.19885775446891785, 0.1793091893196106, 0.03695034235715866, 0.218059703707695, 0.13985370099544525, 0.19578437507152557, -0.12095248699188232, 0.04013583064079285, 0.3100828528404236, 0.01782468520104885], [-0.05134682357311249, 0.00022697128588333726, -0.023872006684541702, 0.03291138634085655, -0.0295880064368248, -0.020275844261050224, 0.013847979716956615, -0.04565470293164253, -0.015227020718157291, -0.011537227779626846, 0.022073477506637573, -0.024945683777332306, 0.016777774319052696, -0.011843282729387283, 0.023685939610004425, 0.00990653783082962], [0.005620226729661226, 0.03495467081665993, 0.021924827247858047, 0.012188953347504139, 0.09285853058099747, -0.011480143293738365, 0.006426187232136726, -0.18911293148994446, 0.006279926747083664, 0.015528963878750801, 0.028754357248544693, -0.05298061668872833, -0.02079603634774685, 0.027898551896214485, -0.007100802846252918, 0.008603828959167004], [0.13786667585372925, -0.008844937197864056, -0.0359223298728466, -0.07265686988830566, 0.06408044695854187, 0.026847299188375473, 0.08189892023801804, 0.2404441237449646, -0.024937216192483902, 0.05663935840129852, -0.07799717038869858, -0.024755172431468964, -0.04530639946460724, 0.005848435685038567, -0.06677139550447464, -0.0234540905803442], [0.28275153040885925, 0.13034166395664215, 0.4970032870769501, -0.26552054286003113, -0.24760298430919647, 0.34830138087272644, 0.3514336347579956, -0.23785313963890076, -0.09677540510892868, 0.07964465022087097, 0.30771803855895996, -0.10171213001012802, -0.22161564230918884, 0.26496773958206177, -0.4158362150192261, -0.20290224254131317], [-0.278852254152298, -0.22344373166561127, 0.3918166756629944, -0.018949436023831367, -0.0347045361995697, -0.018249129876494408, 0.40629664063453674, -0.27863243222236633, -0.2751401960849762, -0.0954570546746254, 0.2708771824836731, 0.307726114988327, -0.3077404201030731, 0.3030391037464142, 0.047347087413072586, -0.04191100224852562], [-0.15447792410850525, -0.3214603662490845, -0.06978953629732132, 0.2992055416107178, -0.18984146416187286, 0.24990017712116241, 0.15738879144191742, -0.22761096060276031, -0.1692182868719101, 0.46614620089530945, 0.434032678604126, -0.069735586643219, 0.2480730265378952, -0.14635828137397766, -0.10085820406675339, -0.2771642804145813], [0.14426477253437042, 0.02073470689356327, 0.06117257475852966, -0.0007360096205957234, 0.18332640826702118, 0.21672426164150238, -0.17176689207553864, -0.194931760430336, -0.11989846080541611, 0.4535006284713745, -0.15877260267734528, 0.0016488982364535332, -0.026224298402667046, -0.330030232667923, -0.2011106163263321, 0.19511373341083527], [-0.3613409399986267, 0.24107781052589417, 0.12693746387958527, 0.049085840582847595, 0.1572486311197281, -0.20532181859016418, -0.017323344945907593, 0.06543946266174316, -0.3191765546798706, 0.18541650474071503, 0.21066848933696747, 0.05979469418525696, 0.051600296050310135, -0.25039100646972656, -0.20769786834716797, 0.3332883417606354], [-0.025468982756137848, 0.3270898759365082, 0.20837795734405518, -0.2725992798805237, 0.06193794682621956, -0.1264241486787796, 0.20133095979690552, -0.22151128947734833, 0.0697634220123291, 0.40340927243232727, 0.06666276603937149, 0.11745043843984604, 0.031107356771826744, -0.06132816895842552, 0.19280759990215302, 0.2694298028945923], [0.05193310230970383, -0.14479903876781464, 0.06721387803554535, 0.05421818792819977, 0.10931847244501114, 0.08801398426294327, -0.09201265871524811, 0.13375414907932281, 0.09160865098237991, -0.08116558194160461, 